,Language,Explanation,Accuracy,Seed
0,English,0,0.972203838517538,42
1,English,1,0.9536730641958967,42
2,Swahili,0,0.9086697551290536,42
3,Swahili,1,0.8649900727994706,42
4,Telugu,0,0.6591661151555261,42
5,Telugu,1,0.6624751819986764,42
6,Burmerse,0,0.5327597617471873,42
7,Burmerse,1,0.528788881535407,42
